DELETE FROM USER;
DELETE FROM OFFICE;
DELETE FROM ORGANIZATION;
DELETE FROM DOCUMENT;
DELETE FROM ADDRESS;
DELETE FROM COUNTRY;
DELETE FROM DOCUMENT_TYPE;

INSERT INTO DOCUMENT_TYPE (ID, CODE, NAME)
VALUES (1, 3, 'Свидетельство о рождении'),
       (2, 7, 'Военный билет'),
       (3, 8, 'Временное удостоверение, выданное взамен военного билета'),
       (4, 10, 'Паспорт иностранного гражданина'),
       (5, 11,
        'Свидетельство о рассмотрении ходатайства о признании лица беженцем на территории Российской Федерации по существу'),
       (6, 12, 'Вид на жительство в Российской Федерации'),
       (7, 13, 'Удостоверение беженца'),
       (8, 15, 'Разрешение на временное проживание в Российской Федерации'),
       (9, 18, 'Свидетельство о предоставлении временного убежища на территории Российской Федерации'),
       (10, 21, 'Паспорт гражданина Российской Федерации'),
       (11, 23, 'Свидетельство о рождении, выданное уполномоченным органом иностранного государства'),
       (12, 24, 'Удостоверение личности военнослужащего Российской Федерации'),
       (13, 91, 'Иные документы');

INSERT INTO COUNTRY (ID, CODE, NAME)
VALUES (1, 143, 'Российская Федерация'),
       (2, 860, 'Украина'),
       (3, 112, 'Республика Беларусь'),
       (4, 300, 'Греческая Республика'),
       (5, 208, 'Королевство Дания');

INSERT INTO ADDRESS (ID, VERSION, COUNTRY_ID, REGION, CITY, TOWN, ZIP_CODE, STREET, HOME)
VALUES (2112, 0, 1, 'МО', 'Москва', null, 117105, 'Новоданиловская Набережная', '6 к.1'),
       (2113, 0, 1, 'МО', 'Москва', null, 117587, 'Варшавское шоссе', '125ж к.6'),
       (2114, 0, 1, 'МО', 'Москва', null, 119444, 'Сормовский проезд', '7а к.2');

INSERT INTO DOCUMENT (ID, VERSION, DOCUMENT_ID, DATE)
VALUES (3881661254, 0, 10, '2015-02-12'),
       (3881673223, 0, 10, '2010-06-13'),
       (3481551254, 0, 10, '2013-09-11'),
       (3182661293, 0, 10, '2011-12-02'),
       (3781661277, 0, 10, '2016-01-31'),
       (3291661244, 0, 10, '2015-11-20'),
       (3881661277, 0, 10, '2015-02-21'),
       (3881663238, 0, 10, '2010-09-17'),
       (3391161247, 0, 10, '2017-07-19');

INSERT INTO ORGANIZATION (ID, NAME, VERSION, INN, KPP, ADDRESS_ID, PHONE, IS_ACTIVE, FULL_NAME)
VALUES (112, 'Рога и копыта', 0, 9999999999, 356563646, 2112, 74951243232, true, 'ООО РиК'),
       (113, 'Копыта и рога', 0, 9999999998, 356563122, 2113, 74951231111, true, 'ЗАО КиР'),
       (114, 'ПСС', 0, 9999999997, 356537649, 2114, 74952565223, true, 'ОАО ПромСельСтрой');

INSERT INTO OFFICE (ID, VERSION, ORG_ID, NAME, ADDRESS_ID, PHONE, IS_ACTIVE)
VALUES (212, 0, 112, 'Данилов плаза', 2112, 74951243232, true),
       (213, 0, 113, 'Meridio', 2113, 74951231111, true),
       (214, 0, 114, 'Севастополь', 2114, 74952565223, true);

INSERT INTO USER (ID, VERSION, OFFICE_ID, FIRST_NAME, MIDDLE_NAME, LAST_NAME, POSITION, PHONE, DOC_NUMBER, COUNTRY_ID, IS_IDENTIFIED)
VALUES (310, 0, 212, 'Иван', 'Иванович','Иванов', 'Менеджер по продажам', 79168888288, 3881661254, 1, true),
       (311, 0, 212, 'Сидр', 'Николаевич', 'Петров', 'Консультант', 79168458212, 3881673223, 1, true),
       (312, 0, 212, 'Вениамин', 'Павлович', 'Сидоров', 'Директор', 79168588233, 3481551254, 1, true),
       (321, 0, 213, 'Семен', 'Михайлович', 'Контров', 'Продавец', 79168828274, 3182661293, 1, true),
       (322, 0, 213, 'Денис', 'Петрович', 'Межевой', 'Кладовщик', 79168828855, 3781661277, 1, true),
       (323, 0, 213, 'Светлана', 'Константиновна', 'Михалкова', 'Директор', 79169999299, 3291661244, 1, true),
       (331, 0, 214, 'Иван', 'Иванович', 'Иванов', 'Директор', 79168822222, 3881661277, 1, true),
       (332, 0, 214, 'Софья', 'Ивановна', 'Иванова', 'Секретарь', 79168868245, 3881663238, 1, true),
       (333, 0, 214, 'Василий', 'Иванович', 'Иванов', 'Экономист', 79164444244, 3391161247, 1, true);